Test Loss,Test Accuracy
0.6136626601219177,0.8495575189590454
