Test Loss,Test Accuracy
0.6955955028533936,0.7079645991325378
