Test Loss,Test Accuracy
0.588119626045227,0.8495575189590454
