Test Loss,Test Accuracy
0.39000728726387024,0.9333333373069763
