Test Loss,Test Accuracy
0.4714130759239197,0.9200000166893005
