Epoch,loss,accuracy,val_loss,val_accuracy
1,0.7612468004226685,0.7029288411140442,0.551751971244812,0.8666666746139526
2,0.4122098982334137,0.8870292901992798,0.5634278655052185,0.8999999761581421
3,0.3454919457435608,0.9079498052597046,0.5222902894020081,0.8999999761581421
4,0.31391164660453796,0.9037656784057617,0.5222164988517761,0.8999999761581421
5,0.28932398557662964,0.9079498052597046,0.560965895652771,0.8999999761581421
6,0.27958667278289795,0.9246861934661865,0.5491747260093689,0.8999999761581421
7,0.27443933486938477,0.9288703203201294,0.5565729737281799,0.8999999761581421
