Epoch,loss,accuracy,val_loss,val_accuracy
1,0.8026478886604309,0.6903765797615051,0.6387876272201538,0.7833333611488342
2,0.44772425293922424,0.866108775138855,0.5875110626220703,0.8999999761581421
3,0.36298656463623047,0.8953974843025208,0.5577942132949829,0.8999999761581421
4,0.3353714942932129,0.8995816111564636,0.5014384388923645,0.8999999761581421
5,0.3082019090652466,0.9121338725090027,0.4738498032093048,0.8999999761581421
6,0.2850492298603058,0.9330543875694275,0.47073352336883545,0.8999999761581421
7,0.2867085039615631,0.9330543875694275,0.5169988870620728,0.8999999761581421
